DIM,K,build_s,query_us
64,5,23.53988316666667,151.60833333333332
64,10,23.561126833333333,150.11166666666668
64,50,23.209764166666663,149.34666666666666
128,5,36.60111033333333,237.42333333333332
128,10,36.780939833333335,230.04166666666666
128,50,36.4596185,228.09333333333333
256,5,63.45562566666667,384.3016666666667
256,10,63.708763,386.50333333333333
256,50,63.423955500000005,383.11833333333334
