DIM,K,build_s,query_us
64,5,23.623986000000002,149.165
64,10,23.488236333333333,150.18833333333333
64,50,23.546849166666664,149.47833333333332
128,5,37.205393,227.91166666666666
128,10,37.35782033333333,224.33
128,50,37.489005666666664,227.78833333333333
256,5,65.49633433333334,387.8883333333333
256,10,65.01833133333334,388.6983333333333
256,50,65.16361533333333,383.52
