DIM,K,build_s,query_us
64,5,12.325393478075663,49.67808723449707
64,10,12.408699830373129,49.58629608154297
64,50,12.458542545636496,49.58947499593099
128,5,25.32025647163391,95.75605392456055
128,10,25.55796416600545,96.05209032694499
128,50,27.567330718040466,99.87592697143555
256,5,50.89668929576874,197.3092555999756
256,10,50.10726388295492,191.4795239766439
256,50,48.49719492594401,197.53575325012207
