N,DIM,K,build_s_cpp_scalar,build_s_cpp_simd,build_s_python,query_us_cpp_scalar,query_us_cpp_simd,query_us_python,build_delta_%,query_delta_%
1000,128,10,0.146205,0.152733,0.0250210762023925,118.28,117.28,18.949508666992188,510.4173887828046,518.9078675390035
5000,64,10,0.973838,0.972197,0.1325330734252929,140.58,140.28,20.76864242553711,633.5504828144003,575.4413558948456
5000,128,5,2.48988,2.46426,0.2566888332366943,272.87,269.78,40.25936126708984,860.0183883837639,570.1050178372617
5000,128,10,2.33974,2.4578,0.2571830749511719,254.83,276.06,39.66093063354492,855.6616431569737,596.0502327862939
5000,128,50,2.41247,2.4624,0.255641222000122,273.32,273.59,39.31999206542969,863.224937173405,595.8038026679602
5000,256,10,5.67308,5.78384,0.5443809032440186,531.27,530.9,78.32050323486328,962.4619573415483,577.8557058143075
10000,128,10,6.70388,7.01715,0.6666259765625,324.45,330.16,48.029422760009766,952.6367478483794,587.4119675552247
