DIM,K,build_s,query_us
64,10,0.972197,140.28
128,5,2.46426,269.78
128,10,3.209227666666667,241.16666666666666
128,50,2.4624,273.59
256,10,5.78384,530.9
