DIM,K,build_s,query_us
64,10,0.973838,140.58
128,5,2.48988,272.87
128,10,3.0632749999999995,232.51999999999998
128,50,2.41247,273.32
256,10,5.67308,531.27
