N,DIM,build_s,query_us
1000,128,0.152733,117.28
5000,64,0.972197,140.28
5000,128,2.461486666666667,273.1433333333333
5000,256,5.78384,530.9
10000,128,7.01715,330.16
