N,DIM,build_s,query_us
1000,128,0.146205,118.28
5000,64,0.973838,140.58
5000,128,2.41403,267.00666666666666
5000,256,5.67308,531.27
10000,128,6.70388,324.45
