N,K,build_s,query_us
1000,10,0.152733,117.28
5000,5,2.46426,269.78
5000,10,3.071279,315.74666666666667
5000,50,2.4624,273.59
10000,10,7.01715,330.16
