N,K,build_s,query_us
1000,10,0.146205,118.28
5000,5,2.48988,272.87
5000,10,2.9955526666666663,308.8933333333334
5000,50,2.41247,273.32
10000,10,6.70388,324.45
