N,K,build_s,query_us
1000,10,0.0250210762023925,18.949508666992188
5000,5,0.2566888332366943,40.25936126708984
5000,10,0.31136568387349445,46.2500254313151
5000,50,0.255641222000122,39.31999206542969
10000,10,0.6666259765625,48.029422760009766
