impl,N,DIM,K,build_s,query_us,brute_us,speedup,recall
python,1000,128,10,0.025021076202392578,18.949508666992188,88.17195892333984,4.652994464016104,1.0
python,5000,128,10,0.2571830749511719,39.66093063354492,528.3904075622559,13.322693116922153,1.0
python,10000,128,10,0.6666259765625,48.029422760009766,1152.8325080871582,24.002630925788036,1.0
python,5000,64,10,0.13253307342529297,20.76864242553711,373.76880645751953,17.99678567328665,1.0
python,5000,256,10,0.5443809032440186,78.32050323486328,788.9318466186523,10.073120243531202,1.0
python,5000,128,5,0.25668883323669434,40.259361267089844,524.3921279907227,13.025346440838565,1.0
python,5000,128,50,0.25564122200012207,39.31999206542969,573.9498138427734,14.59689546446762,1.0
