N,DIM,build_s,query_us
1000,128,0.0250210762023925,18.949508666992188
5000,64,0.1325330734252929,20.76864242553711
5000,128,0.2565043767293294,39.746761322021484
5000,256,0.5443809032440186,78.32050323486328
10000,128,0.6666259765625,48.029422760009766
