DIM,K,build_s,query_us
64,10,0.1325330734252929,20.76864242553711
128,5,0.2566888332366943,40.25936126708984
128,10,0.31627670923868817,35.54662068684896
128,50,0.255641222000122,39.31999206542969
256,10,0.5443809032440186,78.32050323486328
