impl,N,DIM,K,build_us,query_us,brute_us,speedup,recall
python,1000,128,10,25138.85498046875,18.13650131225586,96.11129760742188,5.299329564874458,1.0
python,5000,128,10,258693.93348693848,39.479732513427734,551.8984794616699,13.979286188779515,1.0
python,10000,128,10,793014.7647857666,57.03926086425781,1187.9277229309082,20.82649222538037,1.0
python,5000,64,10,136760.71166992188,20.68042755126953,390.2316093444824,18.869610329721006,1.0
python,5000,256,10,552588.939666748,82.5810432434082,800.1160621643066,9.688858734878886,1.0
python,5000,128,5,259547.94883728027,40.14015197753906,549.3497848510742,13.685792349726777,1.0
python,5000,128,50,260537.86277770996,39.83736038208008,558.173656463623,14.011311269375785,1.0
