impl,N,DIM,K,build_s,query_us,brute_us,speedup,recall
python,1000,128,10,0.025057077407836914,18.410682678222656,89.98870849609375,4.887852887852888,1.0
python,5000,128,10,0.25571584701538086,39.16740417480469,525.1693725585938,13.408327246165085,1.0
python,10000,128,10,0.6639440059661865,47.92213439941406,1120.0594902038574,23.372487562189054,1.0
python,5000,64,10,0.13233184814453125,20.68042755126953,356.68134689331055,17.247290753977403,1.0
python,5000,256,10,0.5445759296417236,77.86035537719727,792.6726341247559,10.180696328505373,1.0
python,5000,128,5,0.25627803802490234,39.098262786865234,574.3002891540527,14.688639551192146,1.0
python,5000,128,50,0.25656819343566895,39.12925720214844,544.8174476623535,13.923531562271508,1.0
