dataset,dim,k,build_cpp_s,build_py_s,build_pct,query_cpp_us,query_py_us,query_pct,brute_cpp_us,brute_py_us,speedup_cpp,speedup_py,recall_cpp,recall_py
1000,128,10,4.86024,0.03279900550842285,-14718.3%,149.77,24.209022521972656,-518.7%,539.58,74.86820220947266,3.60272,3.0925743549340163,1.0,1.0
5000,64,10,22.6886,0.17000293731689453,-13246.0%,184.33,25.66814422607422,-618.1%,1445.14,197.1292495727539,7.83996,7.679918261192643,1.0,1.0
10000,32,5,34.4582,0.23415875434875488,-14615.7%,122.38,19.991397857666016,-512.2%,1580.73,302.2503852844238,12.9166,15.11902206320811,1.0,1.0
50000,64,10,239.558,3.2356579303741455,-7303.7%,301.44,46.787261962890625,-544.3%,14253.1,1988.4490966796875,47.2832,42.499796167957605,0.98,1.0
100000,32,10,372.242,4.0093910694122314,-9184.3%,245.46,36.2396240234375,-577.3%,16297.5,2847.3877906799316,66.3956,78.57111842105263,1.0,1.0
