dataset,dim,k,build_cpp_s,build_py_s,build_pct,query_cpp_us,query_py_us,query_pct,recall_cpp,recall_py
1000,128,10,0.07067,0.03678703308105469,-92.1%,80.12,24.60002899169922,-225.7%,0.09,1.0
5000,64,10,0.636358,0.2010660171508789,-216.5%,204.83,36.74030303955078,-457.5%,0.09,1.0
10000,32,5,1.57253,0.31992387771606445,-391.5%,231.84,28.316974639892578,-718.7%,0.09,1.0
50000,64,10,20.8275,4.221131086349487,-393.4%,543.92,72.80826568603516,-647.1%,0.09,1.0
100000,32,10,39.3347,5.458087921142578,-620.7%,555.89,56.42890930175781,-885.1%,0.09,1.0
