mode,dataset,dim,k,build_s,query_us,brute_query_us,speedup,recall
scalar,1000,128,10,0.177568,130.83,50.88,0.388902,1
scalar,5000,64,10,1.00986,143.22,91.89,0.6416,1
simd,1000,128,10,0.158934,128.34,50.56,0.393954,1
simd,5000,64,10,1.1413,144.41,93.12,0.644831,1
