dataset,dim,k,build_s,query_us,brute_query_us,speedup,recall
1000,128,10,4.86024,149.77,539.58,3.60272,1
5000,64,10,22.6886,184.33,1445.14,7.83996,1
10000,32,5,34.4582,122.38,1580.73,12.9166,1
50000,64,10,239.558,301.44,14253.1,47.2832,0.98
100000,32,10,372.242,245.46,16297.5,66.3956,1
