dataset,dim,k,build_s,query_us,recall
1000,128,10,0.069694,86.03,0.07
5000,64,10,0.710738,253.02,0.09
10000,32,5,1.66908,268.44,0.06
50000,64,10,20.8733,596.7,0.07
100000,32,10,39.2136,588.45,0.06
