dataset,dim,k,build_s,query_us,recall
1000,128,10,0.07067,80.12,0.09
5000,64,10,0.636358,204.83,0.09
10000,32,5,1.57253,231.84,0.09
50000,64,10,20.8275,543.92,0.09
100000,32,10,39.3347,555.89,0.09
