dataset,dim,k,build_s,query_us,brute_query_us,speedup,recall
1000,128,10,4.82842,153.11,541.06,3.5338,1
5000,64,10,22.0749,175.76,1421.1,8.08546,1
10000,32,5,33.9611,124.68,1794.08,14.3895,1
50000,64,10,237.215,302.02,14316.2,47.4015,0.98
100000,32,10,377.432,275.72,16240.8,58.9031,1
