dataset,dim,k,build_s,query_us,recall
1000,128,10,0.03484082221984863,26.111602783203125,1.0
5000,64,10,0.19811725616455078,38.69771957397461,1.0
10000,32,5,0.324552059173584,26.700496673583984,1.0
50000,64,10,4.621075868606567,116.55330657958984,1.0
100000,32,10,6.489395380020142,62.32023239135742,1.0
