dataset,dim,k,build_s,query_us,recall
1000,128,10,0.03661775588989258,27.930736541748047,1.0
5000,64,10,0.22402691841125488,45.11117935180664,1.0
10000,32,5,0.3434171676635742,31.340122222900387,1.0
50000,64,10,5.290957927703857,99.98798370361328,1.0
100000,32,10,6.68419885635376,68.47858428955078,1.0
