distance,dataset,dim,k,build_s,query_us,brute_query_us,speedup,recall
l2,1000,128,10,0.02437567710876465,18.219947814941406,70.59812545776367,3.8747710023554043,1.0
l2,5000,64,10,0.1280200481414795,20.880699157714844,199.5706558227539,9.55766156656771,1.0
l2,10000,32,5,0.17740488052368164,14.882087707519531,243.52073669433594,16.363345081704583,1.0
l2,50000,64,10,2.464790105819702,41.79239273071289,1813.807487487793,43.40042215756746,1.0
l2,100000,32,10,2.9464190006256104,35.43853759765625,2458.0883979797363,69.36201560818084,1.0
inner_product,1000,128,10,0.024691104888916016,15.501976013183592,59.3256950378418,3.8269763149800067,0.96
inner_product,5000,64,10,0.11156797409057617,14.698505401611328,201.6305923461914,13.717761557177615,0.81
inner_product,10000,32,5,0.182783842086792,11.370182037353516,248.58236312866214,21.862654644579578,0.27
inner_product,50000,64,10,1.5136549472808838,21.197795867919922,1999.549865722656,94.32819705319986,0.39
