dataset,dim,k,build_s,query_us,recall
1000,128,10,0.03678703308105469,24.60002899169922,1.0
5000,64,10,0.2010660171508789,36.74030303955078,1.0
10000,32,5,0.31992387771606445,28.316974639892578,1.0
50000,64,10,4.221131086349487,72.80826568603516,1.0
100000,32,10,5.458087921142578,56.42890930175781,1.0
