dataset,dim,k,build_s,query_us,brute_query_us,speedup,recall
1000,128,10,0.043237924575805664,30.81083297729492,82.16142654418945,2.666640872862339,1.0
5000,64,10,0.166046142578125,25.01964569091797,198.05192947387695,7.915856680007623,1.0
10000,32,5,0.22960400581359863,18.088817596435547,270.9317207336426,14.977856860419138,1.0
50000,64,10,3.22231388092041,47.60026931762695,2097.311019897461,44.06090658652642,0.99
100000,32,10,3.9363441467285156,33.15925598144531,2716.1693572998047,81.91285591026747,1.0
