dataset,dim,k,build_s,query_us,recall
1000,128,10,0.036962032318115234,24.700164794921875,1.0
5000,64,10,0.19653820991516113,37.30058670043945,1.0
10000,32,5,0.3170349597930908,26.361942291259766,1.0
50000,64,10,4.739361047744751,89.86949920654297,1.0
