dataset,dim,k,build_s,query_us,recall
1000,128,10,0.02608513832092285,18.377304077148438,1.0
5000,64,10,0.1289079189300537,20.89977264404297,1.0
10000,32,5,0.2283158302307129,15.22064208984375,1.0
50000,64,10,2.331149101257324,40.030479431152344,0.99
100000,32,10,2.806105852127075,29.480457305908203,1.0
