dataset,dim,k,build_s,query_us,brute_query_us,speedup,recall
1000,128,10,0.03279900550842285,24.209022521972656,74.86820220947266,3.0925743549340163,1.0
5000,64,10,0.17000293731689453,25.66814422607422,197.1292495727539,7.679918261192643,1.0
10000,32,5,0.23415875434875488,19.991397857666016,302.2503852844238,15.11902206320811,1.0
50000,64,10,3.2356579303741455,46.787261962890625,1988.4490966796875,42.499796167957605,1.0
100000,32,10,4.0093910694122314,36.2396240234375,2847.3877906799316,78.57111842105263,1.0
